,kepid
0,1435467
1,2010607
2,2309595
3,2450729
4,2837475
5,2849125
6,2852862
7,2991448
8,2998253
9,3112152
10,3112889
11,3115178
12,3223000
13,3241581
14,3329196
15,3424541
16,3427720
17,3429205
18,3430893
19,3437637
20,3438633
21,3545753
22,3630240
23,3632418
24,3633847
25,3633889
26,3642422
27,3643774
28,3656476
29,3657002
30,3661135
31,3730801
32,3733735
33,3735871
34,3761840
35,3854781
36,3942719
37,3952307
38,3952580
39,3967859
40,4038445
41,4049576
42,4064447
43,4072740
44,4165030
45,4243623
46,4247542
47,4346201
48,4347652
49,4351319
50,4378838
51,4446300
52,4450844
53,4457351
54,4465324
55,4465529
56,4543171
57,4571351
58,4571904
59,4574610
60,4577484
61,4586099
62,4638884
63,4641621
64,4672403
65,4739932
66,4755204
67,4756112
68,4841753
69,4842436
70,4846457
71,4914923
72,4915148
73,4947253
74,5021689
75,5033245
76,5084157
77,5095159
78,5110725
79,5214711
80,5253542
81,5265656
82,5344612
83,5353186
84,5371516
85,5390438
86,5429911
87,5431016
88,5431807
89,5450445
90,5512589
91,5516982
92,5523099
93,5530375
94,5543462
95,5607242
96,5629080
97,5636956
98,5683538
99,5689219
100,5723165
101,5773155
102,5773345
103,5822889
104,5892169
105,5950854
106,5955122
107,5961597
108,6034893
109,6035199
110,6047087
111,6049366
112,6116048
113,6129877
114,6145937
115,6232600
116,6287060
117,6290627
118,6308642
119,6313425
120,6370489
121,6430804
122,6442183
123,6508366
124,6520835
125,6529109
126,6530901
127,6531928
128,6592305
129,6593620
130,6603624
131,6605673
132,6612225
133,6671492
134,6688822
135,6689943
136,6693861
137,6766513
138,6802438
139,6806100
140,6837853
141,6848299
142,6853020
143,6863041
144,6933899
145,6947945
146,7038145
147,7103006
148,7106245
149,7107778
150,7133688
151,7174470
152,7174707
153,7206837
154,7216846
155,7264595
156,7282890
157,7296438
158,7341231
159,7376493
160,7383120
161,7386523
162,7429287
163,7448374
164,7529180
165,7534011
166,7584900
167,7591963
168,7611858
169,7628676
170,7668623
171,7680114
172,7700968
173,7739672
174,7747078
175,7771282
176,7799349
177,7799430
178,7800289
179,7833440
180,7870112
181,7871531
182,7880676
183,7910848
184,7914731
185,7976303
186,8012842
187,8016496
188,8018599
189,8019508
190,8026226
191,8027956
192,8045442
193,8106950
194,8114155
195,8150065
196,8174981
197,8176564
198,8179536
199,8179643
200,8179973
201,8216936
202,8228742
203,8241455
204,8249189
205,8289241
206,8298626
207,8321567
208,8360349
209,8367710
210,8394589
211,8408931
212,8414062
213,8416311
214,8424992
215,8493735
216,8493800
217,8499940
218,8561221
219,8574769
220,8579578
221,8621637
222,8656342
223,8677016
224,8694723
225,8696343
226,8702606
227,8738809
228,8776961
229,8802782
230,8817551
231,8868481
232,8915084
233,8938364
234,8940939
235,8950146
236,8952800
237,8956017
238,9005973
239,9025370
240,9026479
241,9026685
242,9049593
243,9051235
244,9073645
245,9073950
246,9093289
247,9098294
248,9116461
249,9119139
250,9138680
251,9139151
252,9139163
253,9143749
254,9150095
255,9163769
256,9201604
257,9202077
258,9204313
259,9206432
260,9225600
261,9226926
262,9266926
263,9287845
264,9289275
265,9292130
266,9328372
267,9353712
268,9353859
269,9390670
270,9394953
271,9410862
272,9414381
273,9414417
274,9446628
275,9451741
276,9455860
277,9457728
278,9458636
279,9468847
280,9512063
281,9542776
282,9574283
283,9579208
284,9641837
285,9664694
286,9693187
287,9696358
288,9697131
289,9700430
290,9702369
291,9702752
292,9754284
293,9757640
294,9778067
295,9787965
296,9788260
297,9791157
298,9812421
299,9812850
300,9821513
301,9880787
302,9893470
303,9903271
304,9908400
305,9955598
306,9962623
307,9965715
308,10003270
309,10016239
310,10018963
311,10019747
312,10024648
313,10025841
314,10070754
315,10074716
316,10079226
317,10081026
318,10088136
319,10118942
320,10129349
321,10130853
322,10147635
323,10162436
324,10186764
325,10214328
326,10215584
327,10272858
328,10272923
329,10273246
330,10295224
331,10319352
332,10322381
333,10324098
334,10351059
335,10355856
336,10385708
337,10394814
338,10398597
339,10417911
340,10454113
341,10462940
342,10491771
343,10518551
344,10593351
345,10610027
346,10644253
347,10655953
348,10670371
349,10712891
350,10717090
351,10727922
352,10730618
353,10731424
354,10732098
355,10794845
356,10873176
357,10909629
358,10923629
359,10959362
360,10963065
361,10971974
362,10972252
363,10972873
364,10976896
365,11021413
366,11026764
367,11027406
368,11070918
369,11074380
370,11075448
371,11081729
372,11082784
373,11083308
374,11127479
375,11137075
376,11138101
377,11188219
378,11193681
379,11244118
380,11253226
381,11294717
382,11307875
383,11389393
384,11389437
385,11395018
386,11401156
387,11401708
388,11414712
389,11454149
390,11460626
391,11467550
392,11496573
393,11506988
394,11507653
395,11558593
396,11611414
397,11620833
398,11674236
399,11713510
400,11717120
401,11722551
402,11723674
403,11771760
404,11772920
405,11802968
406,11817562
407,11873252
408,12020532
409,12069127
410,12069569
411,12117868
412,12265063
413,12317678
414,12366681
415,1430163
416,1725815
417,2865774
418,3123191
419,3236382
420,3344897
421,3456181
422,3534307
423,3547794
424,3967430
425,4252818
426,4554830
427,4646780
428,4918355
429,4931390
430,5095850
431,5184732
432,5309966
433,5468089
434,5596656
435,5603483
436,5686856
437,5689820
438,5774694
439,5939450
440,6064910
441,6106120
442,6106415
443,6119013
444,6225718
445,6363365
446,6421967
447,6448798
448,6450651
449,6505044
450,6587236
451,6593461
452,6679371
453,7019341
454,7218053
455,7465072
456,7530690
457,7622208
458,7938112
459,7940546
460,7970740
461,8006161
462,8172589
463,8174170
464,8377423
465,8379927
466,8391021
467,8420801
468,8435400
469,8491374
470,8516041
471,8524425
472,8547279
473,8751420
474,8760414
475,8981766
476,9158609
477,9273544
478,9335972
479,9402223
480,9715099
481,9762786
482,9768011
483,9897838
484,10068307
485,10130724
486,10202294
487,10290021
488,10516096
489,10709834
490,10858780
491,10937782
492,10990438
493,11075456
494,11098033
495,11133100
496,11189107
497,11229052
498,11453915
499,11456910
500,11502597
501,11554100
502,11708273
503,11709205
504,11757831
505,11802939
506,11809558
507,11862119
508,11911418
509,11919192
510,11962180
511,11968749
512,11971746
513,12009504
514,12011630
515,12055375
516,12058443
517,12156916
518,12253255
519,12258514
520,12304142
521,12307366
522,12507240
523,12508433
524,12735580
